{
  "project_info": {
    "project_number": "38201458738",
    "firebase_url": "https://dairy-services-2o7-default-rtdb.firebaseio.com",
    "project_id": "dairy-services-2o7",
    "storage_bucket": "dairy-services-2o7.appspot.com"
  },
  "client": [
    {
      "client_info": {
        "mobilesdk_app_id": "1:38201458738:android:f67ef8683dda43b0cffc2b",
        "android_client_info": {
          "package_name": "com.example.dairyservice"
        }
      },
      "oauth_client": [
        {
          "client_id": "38201458738-g4tssponrogbj6paatk932l6vv52hfb4.apps.googleusercontent.com",
          "client_type": 3
        }
      ],
      "api_key": [
        {
          "current_key": "AIzaSyCO2kC5Bu8yafiDRNEVkyzBQf3YmOT2tvI"
        }
      ],
      "services": {
        "appinvite_service": {
          "other_platform_oauth_client": [
            {
              "client_id": "38201458738-g4tssponrogbj6paatk932l6vv52hfb4.apps.googleusercontent.com",
              "client_type": 3
            }
          ]
        }
      }
    }
  ],
  "configuration_version": "1"
}